,Pred_MSRP,MSRP
0,2381.133333333333,31900
1,26160.9,27495
2,26933.4,24995
3,29261.375,28195
4,61690.0,2000
5,2114.733333333333,2000
6,40900.0,2073
7,27321.875,3713
8,2000.0,3520
9,117689.5,3910
10,2763.8,4182
11,105828.0,4107
12,67776.51904761905,4299
13,36258.7,4693
14,27207.041666666664,4107
15,15187.0,35070
16,2000.0,42395
17,26740.13333333333,35595
18,22395.0,36090
19,34150.0,42690
20,25263.0,38635
21,34556.0,36170
22,2000.0,42770
23,28253.5,35675
24,29043.75,32065
25,44165.85,28540
26,38289.54115190365,32315
27,32721.0,28885
28,27602.486222111223,29185
29,25263.0,32615
30,86244.76190476191,2847
31,13824.875,2488
32,38534.222222222226,2553
33,74830.0,3049
34,22533.5,2774
35,23122.0,2702
36,32037.5,3101
37,79145.0,3510
38,34999.25,3107
39,25770.0,3624
40,50180.0,3185
41,25281.75,25045
42,229085.0,26095
43,44162.958333333336,23845
44,30426.35,24895
45,22866.083333333332,24745
46,43646.86666666666,25795
47,43489.833333333336,24795
48,2000.0,23145
49,2000.0,24195
50,2000.0,26255
51,63610.5,26975
52,37669.5,30775
53,19831.5,32550
54,25149.5,32550
55,228325.0,30775
56,31043.25,34680
57,28145.546428571433,31025
58,100345.0,34225
59,22701.25,33025
60,28569.583333333332,31025
61,2004.8,34830
62,43249.305555555555,34375
63,34406.0,33175
64,20366.5,31175
65,19813.380952380954,31175
66,80902.66666666666,31950
67,79965.9,29830
68,38212.041666666664,32350
69,38912.833333333336,26450
70,24733.291666666664,32090
71,32605.604004329005,27390
72,45027.5,27990
73,33040.33333333333,32690
74,40666.0,32690
75,60932.366666666676,27990
76,47157.24523809524,37115
77,30733.5,34730
78,2000.0,34794
79,40188.333333333336,35085
80,37371.0,34725
81,34803.148611111115,37170
82,39048.97499999999,39980
83,32058.42857142857,36080
84,23037.571428571428,37050
85,20287.0,40450
86,23605.775,41050
87,31226.24166666666,37650
88,61133.191666666666,38200
89,240890.0,34000
90,20246.624999999996,34100
91,35774.5,39300
92,98460.0,34100
93,32293.01666666667,39300
94,10718.0,31795
95,29160.180555555555,34895
96,25561.604166666664,29395
97,61387.5,30495
98,35561.333333333336,30695
99,37102.5,30695
100,2000.0,34895
101,39910.15793650794,33795
102,19057.166666666664,30495
103,27396.0,29395
104,51393.20833333333,33795
105,28123.0,31795
106,18114.5,31995
107,29555.52380952381,33995
108,22235.0,32595
109,46559.975,35095
110,42729.33333333333,30895
111,26978.601785714283,30995
112,47305.49642857142,34875
113,28656.5,32595
114,40024.0,29895
115,76805.0,29895
116,47851.0,30995
117,48837.07797619048,30895
118,27410.333333333332,35975
119,26034.3,33995
120,28772.833333333336,35975
121,34834.4,31495
122,27208.14285714286,35095
123,41921.416666666664,31995
124,27535.880952380954,31495
125,35099.333333333336,34875
126,35021.5,29790
127,2117.0,34950
128,54020.0,32670
129,33158.2,31570
130,24050.5,36050
131,41600.0,30890
132,51917.5,36050
133,40024.0,32670
134,27941.130952380954,34950
135,25239.5,29790
136,59799.071428571435,30890
137,109851.78571428572,31570
138,39909.0,2000
139,15820.25,2000
140,31226.24166666666,2000
141,2000.0,34020
142,19837.5,35270
143,29474.583333333332,35585
144,33101.55,29490
145,30606.666666666668,28795
146,3414.75,25695
147,82727.04285714286,27695
148,40580.0,27395
149,37245.333333333336,27690
150,26829.42857142857,28495
151,28116.0,25395
152,30628.75,28745
153,2000.0,29695
154,62050.283333333326,25495
155,28768.9307837845,27645
156,2000.0,34900
157,26978.601785714283,43800
158,74420.0,44090
159,22445.82738095238,35990
160,89483.33333333333,32990
161,88358.375,38990
162,48932.5,31990
163,22191.3,44390
164,2000.0,29205
165,36844.29404761905,31205
166,2000.0,26005
167,3030.8714285714286,35105
168,36260.0,36800
169,74509.5,32700
170,17748.6,25700
171,28870.525,29800
172,31226.24166666666,35605
173,49137.65833333334,32600
174,31713.5,30405
175,14824.775,26600
176,3011.275,25905
177,52431.666666666664,31905
178,20837.5,31370
179,47665.0,31370
180,125283.33333333334,31370
181,51255.08333333333,34275
182,40891.25,34095
183,80558.83333333334,32995
184,31904.0,43575
185,32759.933333333338,32995
186,24650.999999999996,38085
187,2222.9333333333334,35375
188,77391.66666666666,35375
189,8273.1,38085
190,25441.0,34095
191,114317.51666666668,34275
192,172857.9166666667,32670
193,2431.95,34655
194,16056.208333333332,35755
195,40008.52976190476,37820
196,18029.2,44355
197,65714.0,37820
198,2851.525,37820
199,40038.0,34475
200,27163.25,34475
201,26693.0,37820
202,28918.58712121212,31570
203,57542.5,32670
204,2177.2,34655
205,38547.15,31570
206,39956.0625,35755
207,2235.7,37820
208,47271.5,37820
209,34406.0,34475
210,47612.7,37820
211,30347.783333333336,37820
212,34318.94047619047,34475
213,21761.083333333332,31995
214,23904.208333333332,35795
215,24944.208333333336,29995
216,26133.633333333335,38795
217,47112.0,34995
218,21812.75,26995
219,2851.6,29995
220,19853.142857142855,26995
221,41759.375,26995
222,85307.58333333333,29995
223,52999.5,29995
224,2000.0,29995
225,69524.0,26600
226,2293.5,26225
227,15612.333333333334,22300
228,3874.875,23525
229,28203.75,23800
230,29987.39285714286,21500
231,2723.1722222222224,22400
232,482490.0,23300
233,425800.0,24800
234,28262.25,24800
235,38941.666666666664,21600
236,24841.5,28340
237,36143.0,27010
238,59770.0,28415
239,49918.0,28805
240,15080.583333333334,29105
241,35035.5,29145
242,41326.625,38545
243,2659.775,34195
244,28469.75,34185
245,30347.783333333336,38955
246,24841.083333333332,34595
247,24802.14285714286,39130
248,28702.5,32599
249,33448.333333333336,32599
250,37904.16666666667,32599
251,31290.6,21250
252,30977.783333333333,20250
253,33050.875,59600
254,66100.0,63025
255,46281.0,5844
256,31033.8,25475
257,37100.0,20590
258,51325.83333333333,21590
259,2000.0,20690
260,26647.466666666667,21690
261,29424.5,19990
262,17958.690476190473,24700
263,2132.4,28500
264,21220.75,27400
265,30947.45,25800
266,22833.0,31090
267,42786.9125,26000
268,33306.625,24900
269,3370.1,29990
270,37522.25,25305
271,88180.0,30610
272,109199.75,29510
273,44737.92857142857,26405
274,41280.0,32780
275,20849.333333333332,30780
276,31471.660714285717,31270
277,22829.0,33270
278,32207.225,28115
279,20196.63333333333,30610
280,46825.0,27405
281,50136.666666666664,32610
282,39618.833333333336,36620
283,29160.180555555555,38620
284,16487.333333333332,26755
285,109329.5,23100
286,30142.5,26960
287,34680.5,23100
288,20794.75,28580
289,22707.666666666664,24180
290,2000.0,28960
291,21393.333333333336,29060
292,31904.833333333336,24080
293,453699.8333333333,28480
294,38865.5,26910
295,63360.0,28250
296,21385.0,26350
297,43655.870238095245,29300
298,34414.8,27200
299,17388.5,25375
300,19912.0,25375
301,251005.0,24300
302,33940.0,24300
303,22833.0,24300
304,20794.4,25375
305,21618.319383394384,24770
306,38807.25,24770
307,41312.0,25870
308,48853.75,25870
309,26199.253805916305,26895
310,34160.380952380954,25795
311,35824.333333333336,26695
312,2000.0,24845
313,23685.803571428572,26895
314,41528.0,25795
315,36340.433333333334,27795
316,39748.282828282834,24845
317,40070.0,27795
318,2000.0,26695
319,38814.0,23745
320,28545.57142857143,23745
321,29209.166666666668,29295
322,15855.833333333332,25795
323,69890.0,28295
324,29766.6,25995
325,79145.0,28495
326,179893.0416666667,29495
327,23035.4,27055
328,38155.666666666664,25270
329,31900.166666666664,26195
330,2000.0,24170
331,2733.7083333333335,29525
332,21666.0,27295
333,37806.3961038961,27295
334,33585.5,28200
335,25101.500000000004,24170
336,2260.8,26420
337,21778.5,27520
338,33436.495833333334,29300
339,24483.8,25045
340,47312.0,29300
341,27614.13333333333,26195
342,31799.0,28425
343,42060.23809523809,28200
344,41270.009722222225,23945
345,110060.0,27520
346,29345.4,28425
347,135288.06666666668,25045
348,21615.5,23945
349,28772.0,25270
350,27190.333333333332,29525
351,47837.333333333336,26420
352,38155.666666666664,24535
353,88358.375,30875
354,29581.73566849817,28555
355,66332.5,29775
356,51035.0,28855
357,44316.25,27925
358,32508.13333333333,27455
359,2000.0,30875
360,2317.6,25635
361,3399.05,29775
362,32467.5,27455
363,29467.473015873016,28855
364,28558.4,25635
365,34346.0,24535
366,40531.0,26825
367,29193.625,28555
368,33418.0,27925
369,2000.0,29955
370,24750.0,29955
371,45790.0,26825
372,2000.0,36065
373,135288.06666666668,38665
374,2000.0,43265
375,64230.0,32065
376,3980.7,41065
377,40168.33333333333,29495
378,20158.5,29595
379,46000.25,29945
380,27911.18831168831,31640
381,29695.0,2000
382,18672.4,2087
383,228535.0,28680
384,18166.1,42515
385,2000.0,44460
386,14515.875,31515
387,26906.099242424243,31780
388,2748.891666666667,30355
389,14528.05,27005
390,67379.09166666666,28620
391,14121.333333333334,30920
392,42975.833333333336,30975
393,20634.333333333332,34380
394,2215.7,31290
395,2000.0,2381
396,23995.0,2337
397,35647.0,31025
398,25114.35,31075
399,13980.7,31675
400,37276.66666666667,28355
401,46325.5,26330
402,42651.0,27740
403,27894.125,25645
404,37632.5,24645
405,14302.083333333332,25895
406,41565.25,24895
407,37865.0,26145
408,32601.911904761906,25145
409,12838.0,2000
410,24870.685714285715,2078
411,15855.0,2254
412,33101.55,2000
413,21385.0,2038
414,28008.666666666664,2462
415,22115.0,29300
416,2000.0,23800
417,48087.33333333333,36395
418,40356.0,32395
419,64037.5,24145
420,34601.958333333336,35145
421,51031.75,29645
422,20166.35714285714,41895
423,2782.365476190476,29645
424,31786.630952380954,25645
425,29097.65,25645
426,24740.0,29645
427,22416.114583333332,42145
428,49641.0,36645
429,2117.0,35145
430,38212.041666666664,32645
431,18195.0,27505
432,29993.0,30550
433,24857.05,29265
434,24142.125,26905
435,38915.725,28665
436,21361.625,25980
437,21361.625,27550
438,33418.0,23720
439,55693.75,28650
440,47190.0,29450
441,30382.5375,28650
442,31420.75,27550
443,2000.0,29265
444,56140.0,23970
445,2000.0,29450
446,21768.666666666668,30550
447,3102.8,27505
448,20427.138888888883,26905
449,50816.333333333336,26230
450,27427.67738095238,32205
451,55399.666666666664,32655
452,36700.878030303036,28665
453,2000.0,28600
454,134099.25,26395
455,28107.826802928525,29330
456,23748.083333333336,31270
457,28710.5,30065
458,32605.604004329005,24915
459,47703.36666666666,2000
460,37650.166666666664,2000
461,31786.630952380954,2000
462,42065.9,2000
463,31158.5,27500
464,13980.7,35300
465,45629.51190476191,27700
466,36453.2,35500
467,35534.35119047619,29940
468,152120.0,36040
469,33761.625,42495
470,41504.0,39725
471,2452.5,40425
472,15538.0,40730
473,39397.291666666664,36835
474,35822.916666666664,29295
475,2000.0,33995
476,25113.546611721613,3065
477,41220.0,3407
478,21743.366666666665,23600
479,57460.0,24600
480,54494.5,20105
481,26526.85714285714,20901
482,55990.0,28565
483,43271.60833333333,34065
484,2000.0,31565
485,26646.0,28990
486,43578.84722222222,36490
487,2000.0,31415
488,30728.583333333332,33990
489,19739.8,34325
490,30013.0,31615
491,38008.5,36540
492,128928.33333333333,34115
493,2000.0,34040
494,43189.357142857145,28615
495,43637.333333333336,31465
496,33470.0,31930
497,28936.166666666664,26435
498,2055.8,27860
499,52379.583333333336,31000
500,48910.25,26435
501,2000.0,31700
502,17684.0,28560
503,46579.5,32140
504,35452.0,26645
505,23048.833333333332,32810
506,24034.714285714286,26645
507,108242.66666666666,32110
508,58107.0,32960
509,180775.0,32260
510,24789.20238095238,32290
511,23399.2,26795
512,2000.0,26795
513,23365.25,20984
514,112300.0,23539
515,29281.703896103892,21499
516,27311.0,18944
517,19460.59226190476,34250
518,22712.333333333332,34300
519,16524.0,34995
520,24972.8,2000
521,59429.91666666667,2000
522,29381.8,21515
523,42651.0,22455
524,19759.0,28400
525,29581.73566849817,24275
526,31952.0,29410
527,25504.04761904762,26225
528,18504.5,28575
529,41947.0,33525
530,2269.2,33525
531,34300.0,28575
532,2000.0,28925
533,50110.0,34075
534,2513.075,28925
535,22361.25,26600
536,61620.0,34350
537,47305.49642857142,26600
538,25038.285714285714,41620
539,23307.591666666667,42555
540,3380.5,2350
541,28515.933333333338,2203
542,39909.0,2575
543,35385.75,3044
544,26931.5,21450
545,27190.333333333332,22695
546,25400.45,23520
547,133749.23809523808,22370
548,25097.02380952381,21735
549,67660.0,23335
550,54864.0,22980
551,31335.033333333333,23755
552,30169.666666666664,18255
553,61720.0,14977
554,29365.39285714286,22001
555,25143.5,17320
556,49822.07916666667,20596
557,21743.366666666665,25279
558,2344.633333333333,2000
559,25038.285714285714,2000
560,27497.9,2230
561,21134.5,2000
562,21860.666666666668,2472
563,31115.75,2283
564,43180.08333333333,2749
565,2000.0,2512
566,2467.1942857142863,2000
567,15821.416666666668,40355
568,38477.0,36815
569,48866.5,37855
570,62678.25,39310
571,61603.75,37435
572,41858.33333333333,38480
573,37274.201136363634,38355
574,117849.0,39415
575,22547.083333333336,29215
576,30941.416666666664,28670
577,3483.897142857143,31195
578,63432.0,29995
579,105179.66666666667,29695
580,3722.066666666667,26295
581,97120.0,28495
582,15402.5,28895
583,46757.0,30395
584,37217.5,31595
585,36340.433333333334,30095
586,26701.333333333336,26595
587,36184.0,26695
588,41011.8,30195
589,43116.0,30995
590,67170.0,32195
591,27759.875,28995
592,17577.0,67220
593,28679.041666666668,70220
594,77089.7,68025
595,31301.333333333332,71025
596,3073.76,68665
597,43180.08333333333,71665
598,422380.0,65325
599,29225.5,68325
600,15666.0,68965
601,20940.458333333332,65965
602,30310.0,61400
603,33472.0,61900
604,35944.5,62100
605,43112.316666666666,84300
606,13826.25,84300
607,35137.5,84300
608,18953.333333333332,57100
609,21812.75,60430
610,26708.3,61330
611,36212.5,63080
612,18132.75,55900
613,20712.833333333336,40650
614,28105.9,29450
615,59935.83333333333,31200
616,25515.0,44100
617,56040.39880952381,31500
618,2212.8,44400
619,42409.03571428572,31500
620,28244.5,32850
621,2000.0,34850
622,26634.833333333332,32850
623,34288.0,38950
624,33306.625,33150
625,26851.666666666664,35150
626,28627.5,2000
627,2000.0,2000
628,44056.25,37500
629,43655.870238095245,45750
630,68547.5,37500
631,45977.51666666666,38350
632,2031.2333333333331,38350
633,60761.5,38750
634,32441.716666666667,49900
635,26199.253805916305,3552
636,2000.0,3814
637,25097.02380952381,4174
638,19410.333333333336,45800
639,28468.5,47800
640,2973.3430952380954,49950
641,14825.0,47950
642,35313.333333333336,50300
643,32690.333333333332,41950
644,15770.333333333334,56900
645,38865.5,46250
646,60075.91666666667,48250
647,18896.0,40750
648,33326.0,54900
649,62842.5,40750
650,30628.75,41850
651,37340.0,50150
652,23959.52380952381,41850
653,27375.85833333333,58950
654,39520.833333333336,48150
655,41109.356060606064,56950
656,52810.0,50500
657,187696.25,44150
658,25543.4,42150
659,24181.5,59300
660,37552.615079365074,57300
661,33372.33333333333,48500
662,26403.952380952378,2168
663,20350.25,2278
664,46209.7,57900
665,20891.6,55600
666,23542.25,58150
667,2956.75,55850
668,26740.13333333333,4155
669,53257.5,3245
670,36646.5,4701
671,83981.0,3613
672,2000.0,5140
673,34745.39166666666,81300
674,20572.399999999998,78300
675,35265.166666666664,82500
676,18896.0,79500
677,29030.0,82800
678,16233.766666666666,79800
679,50161.433333333334,86600
680,2000.0,79100
681,38204.95,76100
682,44828.0,83600
683,29555.52380952381,87800
684,13146.185714285715,77300
685,34291.70833333333,80300
686,41504.83333333333,84800
687,34346.0,77600
688,2000.0,80600
689,2000.0,85100
690,56646.66666666667,88100
691,23131.666666666664,4623
692,15857.0,78000
693,190110.0,81000
694,35588.7738095238,74000
695,2004.65,81300
696,22293.05,84500
697,40893.5,81500
698,36073.80454545455,2000
699,65365.0,2000
700,66543.5,2000
701,45276.25,2000
702,68070.0,2000
703,24909.73333333333,4784
704,24747.75,5858
705,66758.0,6954
706,94659.0,5680
707,46559.975,7624
708,22547.083333333336,6693
709,25546.966666666667,2000
710,16790.666666666668,2000
711,13826.25,2000
712,27319.166666666664,2000
713,56198.66666666667,2000
714,34526.083333333336,2000
715,33122.920829170835,2000
716,27676.238095238095,2000
717,29742.3,2000
718,42480.0,2000
719,24561.333333333332,26950
720,39724.5,22990
721,2019.0,26950
722,2091.2,51330
723,2000.0,44885
724,27396.0,43605
725,26567.0,39400
726,41760.85,43270
727,100498.33333333333,39650
728,22205.0,38380
729,50180.0,40765
730,54955.5,42000
731,41282.875,49165
732,52651.5,49565
733,69871.0,48030
734,33761.625,2000
735,53908.33333333333,2078
736,32174.4,2115
737,354360.0,2268
738,44513.5,3083
739,52999.5,3578
740,21095.1,4651
741,22005.0,3839
742,34618.5,4191
743,23943.40854700855,4878
744,36863.75,4723
745,3741.0,5576
746,22452.5,37300
747,27871.038095238095,48000
748,27613.816666666662,43200
749,47732.5,41100
750,2000.0,45900
751,49137.65833333334,39400
752,27187.3,42350
753,23154.0,61600
754,24789.20238095238,57400
755,48397.75,61600
756,2000.0,67600
757,32210.0,58600
758,80099.5,65900
759,24846.14285714286,69750
760,29560.0,68300
761,21295.0,70950
762,25924.266666666666,68800
763,26192.0,71350
764,37919.0,81500
765,2167.125,82500
766,67619.5,2000
767,18445.0,2234
768,33416.5,2358
769,38290.0,37995
770,36001.0,40445
771,37090.53571428572,46935
772,64597.5,47095
773,36340.433333333334,48205
774,31976.25,41920
775,28219.666666666664,44935
776,26403.952380952378,44520
777,23037.571428571428,47605
778,14159.4375,41920
779,29001.895238095236,48715
780,22077.14285714286,45445
781,23684.166666666668,40445
782,20785.0,47445
783,37710.95238095238,37995
784,39917.25,44520
785,37271.82884199134,43395
786,19570.0,37595
787,38547.15,39995
788,42606.446428571435,41395
789,16614.25,41340
790,16056.208333333332,39340
791,18047.0,45615
792,31896.725000000006,46715
793,39585.0,37245
794,28437.27380952381,44660
795,29071.333333333332,35245
796,17061.3,42660
797,295000.0,46110
798,55966.225,39340
799,46412.333333333336,43155
800,90752.33333333334,37245
801,27911.18831168831,35245
802,21742.666666666664,47210
803,36863.66666666667,41340
804,385919.0,45155
805,27614.13333333333,40395
806,28501.5,34595
807,26704.583333333336,36595
808,33393.25,38395
809,2302.0666666666666,46050
810,18737.833333333336,54200
811,153788.825,46200
812,29890.0,46450
813,2000.0,54500
814,34318.94047619047,56100
815,41301.25,48100
816,28219.666666666664,65990
817,43667.458333333336,68490
818,21361.625,66900
819,39449.16666666667,69400
820,19853.142857142855,63570
821,40024.0,83465
822,47830.0,63595
823,48221.0,83495
824,19559.833333333332,40615
825,24246.80176767677,48150
826,98462.66666666666,38715
827,20712.833333333336,43950
828,36073.80454545455,45850
829,223749.0,50050
830,43370.0,40805
831,3141.4545238095243,43950
832,24010.3,50050
833,6399.0,45850
834,84584.5,38905
835,42346.5,48150
836,2000.0,39495
837,20615.75,49995
838,49312.0,47995
839,22972.5,45795
840,25546.125,41495
841,2096.3,43795
842,22751.666666666664,44190
843,18159.1,51650
844,25676.1,49750
845,92157.5,46090
846,437325.0,44190
847,48434.166666666664,49750
848,20046.5,46090
849,24577.333333333332,51650
850,25220.0,49795
851,113797.66666666667,46095
852,28947.858333333337,44195
853,22754.8,51695
854,32864.571428571435,51270
855,32548.5,53270
856,20196.63333333333,62070
857,35310.0,47345
858,38445.0,45345
859,35230.0,55670
860,34427.0,57670
861,57232.83333333333,60070
862,55796.5,45560
863,2000.0,60685
864,23173.833333333336,51285
865,28132.833333333332,53285
866,31786.630952380954,60285
867,110753.91666666667,58285
868,45220.0,64685
869,29178.375,62685
870,43380.83333333333,56285
871,36586.916666666664,55285
872,103089.5,47560
873,60660.0,61195
874,22854.347222222223,51695
875,38029.0,47995
876,48549.0,55695
877,133749.23809523808,53695
878,40839.071428571435,45995
879,21835.0,49150
880,26751.5,50750
881,127700.0,51600
882,2780.7,55850
883,29237.333333333332,53350
884,262811.8,54800
885,28709.166666666664,59000
886,15666.0,52300
887,43809.5,52300
888,21162.325703463204,64850
889,21551.833333333336,61350
890,75765.0,59000
891,2409.9666666666662,54800
892,24949.833333333332,62350
893,38915.0,63100
894,36586.916666666664,59900
895,111740.0,59900
896,24541.833333333336,53100
897,28346.75,65600
898,17930.4,53100
899,47572.5,55600
900,18215.125,54200
901,126607.775,62250
902,21737.45,55600
903,37276.66666666667,56700
904,51352.333333333336,62600
905,37551.73809523809,57050
906,26902.640476190474,37700
907,17436.416666666668,40440
908,121253.9,38100
909,2000.0,38900
910,281044.5,80045
911,300580.0,82645
912,41828.0,87145
913,4525.6,84545
914,11537.0,92350
915,94659.0,94950
916,26913.042857142857,83995
917,22711.0,95195
918,23324.375,81395
919,36121.9,88495
920,35887.066666666666,78995
921,23089.250000000004,76395
922,26199.253805916305,97795
923,48837.07797619048,85895
924,110290.0,81545
925,54301.642857142855,89350
926,38115.333333333336,79645
927,42483.0,84145
928,2177.5,91950
929,17010.25,77045
930,42756.66666666667,92195
931,22832.766666666666,80995
932,40222.70833333333,82895
933,30756.65,85495
934,37172.36111111111,94795
935,28474.166666666668,75995
936,5282.7,73395
937,20740.95,78395
938,204409.5,50200
939,47830.0,45750
940,38434.5,58000
941,23226.25,51300
942,27123.875,46650
943,2000.0,47900
944,15460.333333333334,52750
945,88767.5,38600
946,40901.0,40250
947,46172.83333333333,40900
948,33031.73333333334,39250
949,56091.47619047619,42050
950,28523.914285714283,40400
951,30169.666666666664,44150
952,34512.89523809524,39950
953,16108.350000000002,35800
954,43330.3,40200
955,20712.833333333336,36900
956,26712.0,38500
957,2000.0,32950
958,22305.714285714286,33200
959,38865.5,31450
960,23902.0,33450
961,2227.9,34050
962,42492.5,34750
963,4146.5,32700
964,32191.833333333336,46950
965,22572.166666666664,54900
966,51393.20833333333,44350
967,14733.666666666668,37500
968,34927.12380952381,34450
969,23943.40854700855,35650
970,31657.380952380954,34900
971,30541.18333333333,33700
972,43152.232142857145,43850
973,202677.0,43900
974,25988.625,36650
975,2000.0,41400
976,49765.63333333333,43900
977,2470.5,38000
978,28183.833333333332,40500
979,32756.007142857143,41250
980,18638.958333333336,38750
981,24737.0,38875
982,52741.0,38875
983,24186.125,55070
984,139675.0,48600
985,37613.76666666666,57330
986,27273.0,50850
987,45018.555555555555,50470
988,475230.0,50365
989,45977.51666666666,56555
990,54735.0,3542
991,23905.833333333336,3741
992,46635.41666666667,3965
993,16624.666666666664,47975
994,46938.5,51375
995,27375.85833333333,52375
996,64296.85,2433
997,2000.0,2648
998,2052.1333333333337,2552
999,24162.928571428572,31790
1000,29890.0,29715
1001,2000.0,28750
1002,23990.0,29100
1003,16629.166666666664,30600
1004,25758.291666666668,29350
1005,48952.260714285716,3381
1006,2000.0,3622
1007,26199.253805916305,22600
1008,34778.48015873016,31105
1009,22482.02380952381,31105
1010,27925.1,29735
1011,20596.833333333332,39700
1012,39671.75,40200
1013,38289.54115190365,46890
1014,20736.666666666668,47140
1015,29640.583333333332,47640
1016,23645.0,41850
1017,2278.8,42300
1018,2000.0,43035
1019,22877.5,2042
1020,50395.0,2000
1021,18113.458333333332,2181
1022,25238.0,2066
1023,23028.166666666664,2384
1024,37465.83333333333,2506
1025,16524.0,2265
1026,23363.616666666665,2066
1027,24253.166666666668,55375
1028,36700.878030303036,56225
1029,23659.48214285714,56525
1030,32743.666666666668,82305
1031,41759.375,78820
1032,128311.75000000003,72520
1033,25679.0,75465
1034,38865.5,87500
1035,30067.0,75465
1036,26172.5,78820
1037,55966.225,72520
1038,2026.0,82305
1039,67694.5,82305
1040,210392.7,72520
1041,2932.272857142857,78820
1042,23646.928571428572,75465
1043,32210.0,36770
1044,22034.0,43370
1045,46367.91666666667,36140
1046,98780.0,39970
1047,2000.0,32370
1048,24246.80176767677,43590
1049,25038.285714285714,32640
1050,421245.0,36360
1051,14674.75,36990
1052,25311.333333333332,40190
1053,2000.0,43900
1054,36945.916666666664,45650
1055,29766.6,45800
1056,28523.914285714283,47950
1057,2036.7666666666664,45800
1058,47799.3,47950
1059,55486.833333333336,47050
1060,47977.63333333333,50250
1061,30146.5,52750
1062,7742.6,54650
1063,31043.25,54650
1064,17252.6,52150
1065,24240.5,58450
1066,39917.85,49850
1067,39271.41666666667,47700
1068,56820.76666666666,59200
1069,2000.0,61700
1070,40930.075,61200
1071,35170.0,48700
1072,2000.0,63700
1073,37776.0,50850
1074,24635.0,38850
1075,44193.0,40845
1076,42284.33333333333,45840
1077,41280.333333333336,45840
1078,22701.25,38850
1079,30109.75,40845
1080,33030.869047619046,41005
1081,34310.0,39010
1082,45162.844047619044,46000
1083,29555.52380952381,82800
1084,45009.86666666667,78100
1085,26444.361111111113,82800
1086,98918.5,78100
1087,66237.9,80000
1088,25976.071428571428,84300
1089,27614.13333333333,64600
1090,32996.75,94600
1091,28967.51785714285,79900
1092,279489.3333333334,66950
1093,224320.0,96100
1094,31087.434523809527,74600
1095,33867.33333333333,100800
1096,17082.0,101300
1097,30584.22380952381,96600
1098,26160.0,33950
1099,84516.1,61600
1100,28837.65714285714,52400
1101,2000.0,56400
1102,38908.5,58100
1103,109851.78571428572,38950
1104,3179.584696969697,37150
1105,173568.96666666665,41800
1106,42563.62222222223,40000
1107,29281.703896103892,41900
1108,2000.0,45900
1109,20133.333333333336,43900
1110,22474.25,39900
1111,57760.0,44650
1112,26599.0,44300
1113,24857.05,40650
1114,2000.0,42650
1115,12840.35,42300
1116,2302.0666666666666,46650
1117,2000.0,53400
1118,21286.208333333332,48550
1119,20133.333333333332,53400
1120,34305.0,48550
1121,70730.0,40950
1122,26712.833333333336,42600
1123,2007.9,40950
1124,37508.5,42600
1125,30961.041666666664,46300
1126,2000.0,44300
1127,47340.9,51750
1128,35946.0,49600
1129,2000.0,64600
1130,34304.833333333336,62100
1131,27190.333333333332,51350
1132,48357.066666666666,49850
1133,42981.5,52000
1134,33714.99999999999,53500
1135,26704.583333333336,67050
1136,2000.0,52000
1137,35337.166666666664,62850
1138,37128.5,65350
1139,30235.6,64550
1140,36700.878030303036,51350
1141,20708.333333333332,53500
1142,59180.125,49850
1143,26512.375,67600
1144,52330.0,62600
1145,17884.9,64950
1146,49822.07916666667,69950
1147,15857.0,91950
1148,16233.766666666666,42790
1149,25546.966666666667,45025
1150,29993.416666666664,45015
1151,37465.83333333333,42780
1152,33279.12499999999,45175
1153,42043.35,43010
1154,33894.5,54250
1155,30556.0,50450
1156,66903.0,50450
1157,28809.0,46830
1158,13205.083333333334,51350
1159,62805.0,51350
1160,21424.0,55150
1161,14724.5,47200
1162,2000.0,48200
1163,2000.0,52350
1164,24767.333333333336,56150
1165,29357.5,52350
1166,2025.11,50950
1167,27961.666666666664,60450
1168,29106.666666666668,48450
1169,23198.0,54450
1170,17931.924999999996,56950
1171,32099.0,54450
1172,16104.0,60450
1173,2079.95,50950
1174,27602.486222111223,54450
1175,2000.0,60450
1176,20246.624999999996,32350
1177,24668.4,31150
1178,45478.33333333333,35450
1179,30854.333333333332,34800
1180,179893.0416666667,33950
1181,32280.0,33300
1182,179726.6666666667,38900
1183,128527.0,35650
1184,25763.5,40400
1185,2044.2,34150
1186,57296.03630952381,38300
1187,32349.405952380952,36800
1188,2000.0,43700
1189,23904.208333333332,43400
1190,36910.166666666664,41900
1191,115055.0,47400
1192,44252.666666666664,2232
1193,21908.0,2382
1194,32100.0,2608
1195,177043.14285714287,43950
1196,43676.58333333333,45100
1197,2000.0,43950
1198,20214.0,52950
1199,45366.666666666664,56250
1200,50370.0,3211
1201,27676.238095238095,3665
1202,37896.91904761905,4024
1203,3383.55,3442
1204,3042.35,4031
1205,19437.0,4404
1206,54105.7,66355
1207,2000.0,66805
1208,33240.166666666664,68405
1209,35217.0,49705
1210,307524.7,51650
1211,46364.5,47950
1212,50739.66666666667,56345
1213,51325.83333333333,46845
1214,43242.25,55945
1215,22416.114583333332,68785
1216,2034.8333333333333,50385
1217,18854.8,56345
1218,26647.466666666667,50820
1219,26249.75,56380
1220,41506.520833333336,42985
1221,96770.0,41635
1222,21184.3,39255
1223,164350.0,45185
1224,26990.833333333332,42985
1225,24930.0,39635
1226,48842.75,45385
1227,32545.249999999993,39455
1228,68638.125,43185
1229,2000.0,41835
1230,266390.0,43185
1231,29869.833333333336,37405
1232,94825.0,37530
1233,32603.92738095238,43310
1234,40590.0,39580
1235,26933.4,39760
1236,2271.2,45510
1237,41949.0,43310
1238,73324.02083333333,41960
1239,25303.5,35550
1240,39364.375,38650
1241,28272.830555555556,39150
1242,24583.928571428572,39275
1243,24533.166666666664,42900
1244,57695.0,43500
1245,29148.2,46050
1246,21449.5,49450
1247,42169.25,48950
1248,42371.18571428572,36150
1249,17135.81666666667,41750
1250,45990.375,38100
1251,193949.4,2000
1252,2318.9,2149
1253,29609.5,2239
1254,14476.333333333332,64245
1255,14547.833333333334,44660
1256,32222.675,54670
1257,21115.0,62735
1258,40666.0,56900
1259,49137.65833333334,51000
1260,27797.833333333336,49000
1261,26690.88333333333,69785
1262,4989.1,62015
1263,32605.604004329005,45295
1264,2000.0,49250
1265,55372.0,55705
1266,38814.0,66780
1267,44252.666666666664,51250
1268,180800.0,64550
1269,26271.42857142857,57935
1270,36121.0,45295
1271,74467.80833333332,66795
1272,2136.9666666666662,49295
1273,3333.7,57995
1274,3299.8,51295
1275,2119.0,64595
1276,32001.5,55795
1277,81032.04166666666,4976
1278,45478.33333333333,4755
1279,22833.0,37900
1280,33389.16666666667,31300
1281,18924.48222222222,37900
1282,22464.86666666667,31300
1283,39449.16666666667,48950
1284,34136.0,48950
1285,42844.0,49700
1286,36223.666666666664,40580
1287,24870.685714285715,41020
1288,41220.0,41820
1289,2000.0,88435
1290,2673.325,76685
1291,29263.0,85935
1292,25702.178571428572,74135
1293,28683.979761904764,76400
1294,34601.958333333336,83295
1295,2000.0,85845
1296,14078.0,73850
1297,2000.0,74425
1298,55306.03869047619,83870
1299,23353.499999999996,76975
1300,54397.83333333333,86420
1301,25212.166666666664,34650
1302,29474.583333333332,37420
1303,38419.97727272727,39100
1304,25676.1,36330
1305,3002.6,39800
1306,19769.333333333332,37030
1307,2000.0,28900
1308,36434.066666666666,34600
1309,20940.458333333332,53700
1310,428620.0,54750
1311,18924.48222222222,34645
1312,13596.961904761905,35190
1313,44103.85833333333,45555
1314,10638.0,45605
1315,20565.31666666667,35190
1316,2000.0,35010
1317,50262.0,39510
1318,3874.875,36760
1319,28384.5,47670
1320,2000.0,46200
1321,18471.480952380953,44400
1322,32614.190476190473,55650
1323,2059.7,55900
1324,49808.3,56425
1325,20929.75,53620
1326,15760.05,54420
1327,56040.39880952381,51610
1328,2748.891666666667,61770
1329,2000.0,58925
1330,3438.0,55280
1331,19480.0,63130
1332,15773.0,52470
1333,20255.000000000004,60285
1334,25998.25,54145
1335,48163.16666666667,64805
1336,2000.0,56955
1337,2115.4166666666665,61960
1338,27497.9,50150
1339,47732.5,120060
1340,20158.5,120440
1341,53613.2,120440
1342,48858.666666666664,48600
1343,27443.277777777774,46800
1344,161049.75,49050
1345,29752.0,47050
1346,79574.83333333334,49800
1347,26634.833333333332,47800
1348,2000.0,59950
1349,36266.83333333333,65950
1350,42193.1,36350
1351,3303.5,39300
1352,44323.0,39600
1353,33792.0,48250
1354,38534.222222222226,43550
1355,36876.0,43750
1356,34998.333333333336,47800
1357,55283.1875,45800
1358,3179.584696969697,47900
1359,27765.3,48300
1360,28622.433333333338,63900
1361,261790.0,68400
1362,26828.07142857143,53900
1363,16614.25,55900
1364,85665.25,65900
1365,261790.0,67200
1366,26411.0,64900
1367,27498.666666666668,68600
1368,24451.555555555555,66300
1369,191995.0,92600
1370,42346.5,89600
1371,16869.833333333332,93900
1372,2000.0,90900
1373,30799.166666666668,91200
1374,50224.20833333333,94200
1375,38577.5,94900
1376,26783.633928571428,90400
1377,25350.175,87400
1378,29071.333333333332,97900
1379,56651.95238095238,99200
1380,74260.0,96200
1381,29394.5,91700
1382,27314.0,88700
1383,52423.33333333333,92000
1384,64733.0,89000
1385,35174.5,96500
1386,28776.0,99500
1387,43825.0,141200
1388,45324.625,91000
1389,27228.676190476188,94000
1390,67836.5,87300
1391,22277.833333333332,90300
1392,16574.166666666664,94400
1393,2019.0,97400
1394,31564.64285714286,94600
1395,27448.13333333334,97600
1396,2000.0,53900
1397,2000.0,66300
1398,2000.0,96200
1399,14876.25,132800
1400,45562.0,120900
1401,2177.5,105630
1402,23109.25,98900
1403,45705.0,163000
1404,35534.35119047619,102930
1405,25400.45,151100
1406,67190.25,91030
1407,18429.86666666667,84300
1408,43903.43928571428,114200
1409,43076.0,182700
1410,34041.600250626565,194600
1411,22547.758333333335,110800
1412,36601.0,117530
1413,2461.95,126100
1414,17656.5,101600
1415,38300.83333333333,116200
1416,52936.166666666664,102930
1417,29986.0,120900
1418,38884.0,105630
1419,2010.8533333333332,126100
1420,53280.0,91030
1421,43190.0,98900
1422,22416.114583333332,132800
1423,26133.633333333335,84300
1424,11701.8,151100
1425,42492.5,104600
1426,15331.301587301588,102930
1427,21279.0,132800
1428,16100.8,114200
1429,32545.249999999993,88800
1430,23015.5,194600
1431,22361.25,96200
1432,24930.0,117530
1433,45768.416666666664,94800
1434,2671.0,110800
1435,20849.333333333332,117530
1436,39328.5,98500
1437,41528.0,163000
1438,68345.0,182700
1439,23661.203102453102,159200
1440,39328.5,108600
1441,47190.0,200400
1442,36090.0,115700
1443,28153.6,110300
1444,23752.5,122600
1445,2723.1722222222224,103400
1446,37701.5,96300
1447,40659.5,101700
1448,48554.0,171500
1449,2231.1,188100
1450,2344.633333333333,108600
1451,33820.0,122600
1452,22416.114583333332,89400
1453,37271.82884199134,137900
1454,23882.166666666664,90500
1455,40296.66666666667,91500
1456,23705.0,48675
1457,31929.25,45150
1458,36534.92857142857,47750
1459,17776.9,50675
1460,17539.666666666668,51945
1461,31420.75,50835
1462,33855.5,49495
1463,27535.5,46995
1464,20375.0,48995
1465,23951.85714285714,41340
1466,26634.5,45155
1467,2000.0,47155
1468,33525.0,48110
1469,34542.5,43340
1470,20705.0,49210
1471,37271.82884199134,46995
1472,26115.5,43995
1473,432545.0,45995
1474,3401.7,62100
1475,39748.282828282834,50400
1476,21385.0,73500
1477,58652.083333333336,63300
1478,33915.625,51400
1479,20482.166666666664,74600
1480,181160.0,63900
1481,67170.0,52100
1482,52297.166666666664,44050
1483,39364.375,48590
1484,29640.908333333333,58900
1485,2078.15,52600
1486,98918.5,63800
1487,98918.5,63800
1488,2177.233333333333,75200
1489,33823.16666666667,52600
1490,213568.3666666667,64100
1491,28100.333333333332,75200
1492,32879.35158730159,52600
1493,27187.3,158700
1494,29261.375,114100
1495,26444.361111111113,115300
1496,29106.666666666668,160300
1497,23942.071428571428,116600
1498,155359.3333333333,162000
1499,2226.5,62900
1500,245138.0,54900
1501,2502.6675000000005,55150
1502,27187.3,63200
1503,22246.65,64800
1504,37271.82884199134,56800
1505,28272.830555555556,73200
1506,24185.433333333334,75700
1507,28049.5,76600
1508,30756.65,74100
1509,26242.785714285717,74850
1510,28615.216666666664,77350
1511,30961.041666666664,67570
1512,28918.58712121212,60395
1513,30439.0,55495
1514,2000.0,87465
1515,14043.0,64395
1516,31952.0,64395
1517,336117.7,87495
1518,20891.6,60395
1519,2000.0,67595
1520,2000.0,55495
1521,38227.30952380952,58285
1522,2000.0,53285
1523,31376.833333333332,62685
1524,28768.9307837845,59195
1525,25120.0,53695
1526,23229.0,67750
1527,24138.0,59400
1528,2010.8533333333332,60300
1529,33870.16785714286,68700
1530,33404.666666666664,54550
1531,41270.009722222225,60650
1532,2365.85,69100
1533,20770.833333333336,61250
1534,30239.0,68500
1535,32694.393223443225,61500
1536,36288.857142857145,68750
1537,21516.666666666668,68750
1538,2079.95,61500
1539,44593.18308080808,43350
1540,217951.0,44200
1541,43851.5,45500
1542,23656.583333333332,41500
1543,2000.0,45450
1544,46427.0,37150
1545,64241.5,33800
1546,34806.66666666667,31200
1547,2549.5071428571428,33450
1548,48775.23333333333,32250
1549,84825.5,33050
1550,36326.5,50550
1551,65100.0,40400
1552,26851.566666666662,43350
1553,85665.25,37000
1554,48250.0,36200
1555,34318.94047619047,34250
1556,36916.916666666664,37000
1557,43180.08333333333,54550
1558,43629.75,51500
1559,24591.958333333336,53850
1560,39250.875,50000
1561,36954.75,54115
1562,26978.601785714283,50695
1563,51520.333333333336,54810
1564,30863.0,53470
1565,21150.375,54070
1566,20944.11984126984,55370
1567,34680.5,39615
1568,49561.805555555555,40065
1569,16955.0,40870
1570,33826.583333333336,59900
1571,25930.521645021647,54500
1572,31301.333333333332,61900
1573,30311.2,84500
1574,21735.75,52150
1575,21384.999999999996,200500
1576,31755.0,125600
1577,30250.5,93200
1578,35995.333333333336,98300
1579,38212.041666666664,161100
1580,33221.83333333333,141300
1581,13951.0625,180300
1582,2000.0,113400
1583,22034.583333333332,161100
1584,22055.0,141300
1585,33983.090476190475,200500
1586,20149.833333333332,180300
1587,24258.25,113400
1588,51572.23333333333,93200
1589,30347.783333333336,125600
1590,68435.0,98300
1591,33979.66666666667,45450
1592,14078.0,43650
1593,59935.0,46050
1594,2000.0,46050
1595,24451.555555555555,49650
1596,36945.916666666664,47700
1597,26582.916666666664,67050
1598,22700.25,62850
1599,2000.0,65350
1600,4132.0,64550
1601,2554.8,164700
1602,25803.428571428572,128400
1603,21835.0,179645
1604,20873.666666666664,173800
1605,28167.0,137500
1606,28709.166666666664,151200
1607,17958.690476190473,124000
1608,34291.5,114900
1609,2000.0,160300
1610,40330.0,170545
1611,2000.0,199600
1612,51254.0,138400
1613,37904.16666666667,124900
1614,28857.0,166100
1615,40966.0,199900
1616,24967.791666666668,182500
1617,34526.083333333336,162900
1618,205130.0,115900
1619,38215.0,129400
1620,15165.2,190600
1621,24433.333333333336,153900
1622,20215.0,175100
1623,26353.833333333336,173500
1624,29357.499999999993,162900
1625,2059.7,189900
1626,29993.5,92400
1627,38368.7,79100
1628,31038.666666666668,93075
1629,31290.6,79950
1630,15402.5,93295
1631,46623.166666666664,82695
1632,24802.14285714286,105300
1633,39833.375,100100
1634,22220.666666666668,184105
1635,34490.0,136750
1636,21860.166666666664,142100
1637,19101.0,139995
1638,27402.5,103195
1639,42283.4375,144995
1640,43590.428571428565,108195
1641,29767.14285714286,94400
1642,2000.0,97400
1643,43578.84722222222,166900
1644,2385.3,119900
1645,23244.333333333332,121550
1646,28656.5,95650
1647,33409.5,169050
1648,29729.166666666664,98650
1649,47343.8,99600
1650,29161.28452380952,131400
1651,22613.0,170750
1652,23042.0,96600
1653,191801.7,39250
1654,2330.15,38150
1655,30125.666666666668,39450
1656,2000.0,44400
1657,37425.28333333333,47900
1658,25090.97619047619,43300
1659,2329.2,44200
1660,24731.166666666668,47700
1661,36266.83333333333,84000
1662,37423.00000000001,106700
1663,31759.5,108050
1664,32694.393223443225,85050
1665,37092.25,110800
1666,2000.0,86950
1667,14242.1,56225
1668,116965.0,57650
1669,31786.630952380954,59200
1670,29261.041666666664,45400
1671,2052.85,45150
1672,106823.25,49200
1673,34885.666666666664,45800
1674,27909.4,72320
1675,36618.0,63770
1676,35816.26212121212,63795
1677,37896.91904761905,72395
1678,20246.624999999996,56950
1679,39250.875,65800
1680,37989.541666666664,56950
1681,30499.666666666664,65800
1682,246275.0,57500
1683,142147.0,66350
1684,50765.00000000001,34500
1685,26046.5,36900
1686,47990.0,37200
1687,36863.75,37200
1688,80210.0,2000
1689,24219.5,2000
1690,18960.0,2000
1691,36258.7,2000
1692,28049.5,2000
1693,23214.833333333336,2000
1694,2000.0,2000
1695,29771.0,2000
1696,2748.891666666667,2000
1697,26740.13333333333,2000
1698,92010.0,2000
1699,31010.5,2000
1700,2004.1,2000
1701,2422.2,2000
1702,38930.0,2000
1703,152605.0,2000
1704,28967.51785714285,2000
1705,2000.0,2000
1706,23762.291666666668,2000
1707,29427.15,2000
1708,27818.333333333336,2000
1709,64037.5,38650
1710,77735.0,40650
1711,37508.5,40950
1712,36637.875,2000
1713,19393.75,2000
1714,212930.0,2000
1715,2383.425,2000
1716,46880.0,2000
1717,2678.775,2000
1718,80822.5,2000
1719,23024.0,2000
1720,34388.16666666667,2000
1721,27604.625,2000
1722,23942.071428571428,2000
1723,38110.57575757576,2000
1724,22651.5,41950
1725,27135.166666666668,39500
1726,49070.0,39500
1727,112584.66666666667,34950
1728,41445.0,32950
1729,56660.83333333333,40350
1730,27235.5,42650
1731,21277.0744047619,33150
1732,61865.0,35150
1733,68017.0,35450
1734,34243.26507936508,33450
1735,25113.546611721613,40750
1736,18738.0,42950
1737,41655.833333333336,2232
1738,39618.833333333336,2000
1739,22518.82738095238,2000
1740,26932.483333333337,2105
1741,19720.5,2199
1742,2000.0,2000
1743,26132.0,2124
1744,24985.5,2179
1745,17684.0,2377
1746,19886.75,2207
1747,270612.1166666667,2000
1748,33218.98333333333,2248
1749,81913.0,2065
1750,54065.0,2282
1751,2000.0,2000
1752,37620.7,2544
1753,14043.0,2397
1754,30375.908333333333,2187
1755,26409.7,2433
1756,33389.16666666667,2247
1757,46846.0,2540
1758,28967.51785714285,42300
1759,14733.666666666668,40300
1760,30691.809523809527,40300
1761,29154.166666666668,42300
1762,34867.49255050505,43650
1763,22452.5,41650
1764,176864.5,43950
1765,37102.5,50750
1766,2000.0,42750
1767,40890.0,48750
1768,35609.7,42750
1769,2000.0,50750
1770,38535.625,48750
1771,2000.0,52000
1772,27021.5,50000
1773,30823.619047619046,43850
1774,88161.33333333334,50300
1775,20770.833333333336,52300
1776,16197.0,2497
1777,2000.0,2650
1778,28437.27380952381,2000
1779,32058.42857142857,2186
1780,47794.52380952381,52250
1781,23882.166666666664,49950
1782,42235.0,52500
1783,33306.625,50200
1784,22188.333333333336,2427
1785,26938.954761904763,3176
1786,33416.5,2692
1787,43629.75,2323
1788,66610.0,2170
1789,20873.333333333332,2443
1790,54032.5,2304
1791,26882.0,2960
1792,65392.0,3108
1793,34546.90892857143,3211
1794,2000.0,2000
1795,26599.0,2000
1796,33050.875,2000
1797,2118.2333333333336,2000
1798,18070.0,2000
1799,28967.51785714285,2000
1800,60112.833333333336,2000
1801,44252.666666666664,2000
1802,2269.2,2000
1803,17762.56666666667,2000
1804,38718.75,2000
1805,31226.24166666666,2000
1806,2000.0,2000
1807,28879.14285714286,2000
1808,38547.15,2000
1809,3414.75,2000
1810,22503.5,2000
1811,223060.0,2000
1812,14612.0,2000
1813,36066.07738095238,2000
1814,35392.8,2000
1815,38505.5,2000
1816,22866.083333333332,2000
1817,46086.0,2000
1818,20771.666666666664,2000
1819,30941.5,2000
1820,2000.0,2000
1821,15408.333333333334,2000
1822,27488.057539682537,2000
1823,49343.44285714286,2000
1824,203500.0,2000
1825,45790.0,2000
1826,56192.66666666667,22990
1827,18072.0,37115
1828,47795.333333333336,32395
1829,28514.166666666664,34975
1830,23684.166666666668,37115
1831,52507.16666666667,34975
1832,38155.0,32395
1833,88358.375,37810
1834,30630.71944444445,38305
1835,18003.666666666668,30360
1836,37523.0,42130
1837,30667.5,31790
1838,22618.6,35315
1839,34386.66428571429,37140
1840,37400.683333333334,34150
1841,39917.85,44455
1842,59935.83333333333,36395
1843,32585.0,47345
1844,38912.833333333336,32395
1845,43242.25,28900
1846,17820.833333333332,30330
1847,2252.1,39990
1848,2000.0,38115
1849,45014.5,45080
1850,36234.69404761905,35340
1851,51796.33333333333,36975
1852,166448.35,37020
1853,38419.97727272727,28900
1854,60761.5,38115
1855,2000.0,32395
1856,23288.175,39990
1857,28329.93333333333,30330
1858,38505.5,37020
1859,28927.4,35340
1860,64450.0,36975
1861,25906.0,45080
1862,59270.0,38525
1863,45091.666666666664,43435
1864,303752.75,39190
1865,26690.88333333333,41190
1866,27602.486222111223,42770
1867,25600.875,40400
1868,79421.0,46530
1869,284939.5,49105
1870,25238.52380952381,42615
1871,43262.916666666664,45345
1872,30142.5,2000
1873,43243.5,2000
1874,3141.4545238095243,2000
1875,47589.9,2117
1876,31355.44761904762,2000
1877,24161.666666666668,2000
1878,29771.0,2000
1879,18676.0,2000
1880,47157.24523809524,2000
1881,27517.775,2000
1882,38110.57575757576,2000
1883,43378.0,2000
1884,38461.83333333333,2000
1885,2000.0,2000
1886,306638.0,2000
1887,3163.5,2000
1888,2000.0,2000
1889,50225.0,2000
1890,26604.0,2000
1891,23670.603174603173,2000
1892,2343.05,2000
1893,33306.625,2000
1894,41516.0,2000
1895,2000.0,2000
1896,46286.0,2000
1897,32477.416666666664,2000
1898,58524.0,2000
1899,26030.0,2000
1900,3231.8,2000
1901,33936.69696969697,2000
1902,2000.0,2000
1903,164350.0,2000
1904,17784.666666666668,2000
1905,92250.5,33200
1906,28518.0,44050
1907,23904.208333333332,29900
1908,67026.66666666667,41650
1909,55115.0,38150
1910,2000.0,35750
1911,23762.291666666668,47050
1912,20681.0,38350
1913,41265.0,35600
1914,2136.9666666666662,38600
1915,31435.0,41150
1916,22412.5,32450
1917,207189.1666666667,34200
1918,28821.547619047622,39600
1919,47572.5,37700
1920,28173.583333333336,43050
1921,40595.0,39300
1922,217900.0,36600
1923,73324.02083333333,39750
1924,2414.6,45450
1925,42563.62222222223,48450
1926,36234.69404761905,34400
1927,25109.65,43100
1928,30109.75,36900
1929,4638.6,33600
1930,29474.583333333332,30900
1931,25950.083333333336,40100
1932,87533.5,42300
1933,28199.0,43150
1934,40049.6,40150
1935,35525.0,37450
1936,45158.83333333333,37600
1937,15532.0,34450
1938,21252.0,40300
1939,28764.5,49250
1940,48212.5,43550
1941,27535.880952380954,31200
1942,23122.0,40850
1943,33280.77575757576,46550
1944,33794.284090909096,34200
1945,58513.5,51400
1946,25514.833333333336,44000
1947,273152.5,47000
1948,29345.4,45000
1949,56820.76666666666,39700
1950,30017.25,43800
1951,76428.0,35500
1952,21650.5,38500
1953,27614.13333333333,37600
1954,24533.166666666664,36400
1955,26938.954761904763,42900
1956,30584.65,37600
1957,15464.5,37000
1958,2000.0,38000
1959,29253.2,38000
1960,20353.9,35900
1961,35441.5,40100
1962,28176.42857142857,39100
1963,34786.583333333336,34900
1964,29986.5,38700
1965,27135.166666666668,37850
1966,36258.7,43800
1967,17145.5,41500
1968,119527.16666666666,47900
1969,18281.100000000002,50200
1970,3408.8,40500
1971,29640.583333333332,42800
1972,24849.333333333336,50450
1973,27451.833333333336,44800
1974,3566.966666666667,60100
1975,31713.5,48350
1976,17539.666666666668,56300
1977,39620.5,46900
1978,26076.333333333336,52100
1979,35099.333333333336,49900
1980,41087.933333333334,46200
1981,46893.5,48400
1982,36920.46666666666,53800
1983,35616.5,49800
1984,32358.333333333336,51600
1985,42651.60833333333,47600
1986,15080.583333333334,40700
1987,37726.0,43300
1988,4344.458333333334,49200
1989,26374.5,44500
1990,29330.083333333332,42400
1991,44892.0,49800
1992,55393.41666666667,42700
1993,80558.83333333334,44800
1994,34867.49255050505,33215
1995,23035.0,37340
1996,55966.225,37340
1997,28725.4,33215
1998,29742.166666666664,45125
1999,23037.571428571428,42175
2000,26712.85,39485
2001,34288.0,42435
2002,48192.53333333333,45705
2003,33826.583333333336,42755
2004,27911.18831168831,40290
2005,36234.69404761905,43240
2006,30134.466666666667,40635
2007,40913.5,43585
2008,22504.0,51785
2009,41301.25,2000
2010,2000.0,2000
2011,27497.9,2000
2012,22984.833333333336,2000
2013,31904.833333333336,40400
2014,44606.0,42575
2015,46938.5,38400
2016,2354.5333333333333,41050
2017,39467.15952380952,39050
2018,35645.666666666664,40575
2019,27517.775,39400
2020,34867.49255050505,43125
2021,29154.166666666668,41125
2022,26983.75,41275
2023,34776.0,38950
2024,309243.2,39275
2025,30152.6,40950
2026,40913.5,39850
2027,3076.2,39500
2028,41220.0,41675
2029,21666.0,44650
2030,53970.0,42650
2031,36606.73340548341,43675
2032,37245.333333333336,41500
2033,2000.0,41850
2034,25667.625,52900
2035,33536.33333333333,50900
2036,2262.3,39950
2037,43172.095238095244,40450
2038,25835.0,41200
2039,26706.125,2631
2040,17804.5,2837
2041,75470.0,3137
2042,451630.0833333333,2066
2043,41011.8,2103
2044,58107.0,2241
2045,24117.333333333336,31305
2046,24117.333333333336,31500
2047,40290.0,33500
2048,62275.0,32050
2049,44310.0,34050
2050,46938.5,32400
2051,40834.0,34400
2052,40932.083333333336,29980
2053,2000.0,27980
2054,27911.18831168831,28030
2055,25980.5,30030
2056,22506.75,30350
2057,39469.25,28200
2058,40643.083333333336,39660
2059,73340.0,39895
2060,26271.42857142857,38185
2061,36519.16666666667,38790
2062,21277.0744047619,39775
2063,54399.5,44560
2064,23748.083333333336,46560
2065,22651.5,49515
2066,24866.5,55915
2067,37201.2130952381,62915
2068,14825.0,53915
2069,42705.833333333336,64915
2070,22700.25,47515
2071,2000.0,2000
2072,21761.083333333332,58395
2073,2042.0716666666667,53495
2074,48858.666666666664,53495
2075,72220.0,58395
2076,26700.408333333336,39015
2077,2513.075,40915
2078,2000.0,44050
2079,19415.0,42150
2080,33221.83333333333,42150
2081,23670.603174603173,41105
2082,48842.75,39205
2083,39717.0,44050
2084,24161.666666666668,44095
2085,64241.5,42195
2086,35003.33333333333,27736
2087,52383.333333333336,30709
2088,63047.0,36931
2089,103771.44444444444,39669
2090,25529.571428571428,49150
2091,48742.833333333336,44400
2092,32369.5,50750
2093,29491.833333333332,45600
2094,21146.16964285714,51600
2095,20872.833333333336,46430
2096,52786.91666666667,46045
2097,21014.999999999996,2561
2098,2167.125,36350
2099,32369.5,33350
2100,15826.166666666668,34350
2101,36184.0,33350
2102,29676.0,37150
2103,30169.666666666664,34350
2104,28025.0,40350
2105,30037.0,38350
2106,34318.94047619047,38685
2107,26034.3,40685
2108,2117.9,34330
2109,32341.25,51460
2110,78200.0,46280
2111,2123.4,49730
2112,26668.5,54230
2113,28272.830555555556,49230
2114,43451.416666666664,47625
2115,27759.875,46280
2116,42515.5,51525
2117,14912.1,54425
2118,6773.0,59475
2119,475230.0,59875
2120,51950.0,51925
2121,37552.615079365074,54825
2122,81052.16666666667,46680
2123,27488.057539682537,54650
2124,49343.44285714286,54650
2125,22922.5,52150
2126,17698.0,52150
2127,48932.5,2905
2128,37255.041666666664,3257
2129,28716.825,44011
2130,44297.5,40436
2131,27419.5,47660
2132,21095.1,45265
2133,39504.5,42130
2134,34546.90892857143,2000
2135,26322.0,2000
2136,2333.2,31505
2137,44331.58333333333,31505
2138,25694.066666666666,31725
2139,24985.5,31725
2140,25531.6369047619,32175
2141,2000.0,32300
2142,37820.5,75970
2143,27322.65,78570
2144,27246.0,75570
2145,24102.5,72970
2146,223548.0,2000
2147,31417.85714285714,2000
2148,145145.0,2158
2149,15687.5,115400
2150,38434.5,119900
2151,47851.0,37150
2152,32253.0,37800
2153,169704.30952380953,41550
2154,20075.0,37400
2155,20695.666666666668,32000
2156,2000.0,35000
2157,32174.4,33400
2158,79914.59523809524,44750
2159,2251.8,33100
2160,20823.75,41850
2161,24424.535714285717,46050
2162,45768.416666666664,36100
2163,33158.2,40250
2164,50136.666666666664,34500
2165,27543.5,34550
2166,32753.455128205132,2251
2167,45657.333333333336,2449
2168,36631.41666666667,22195
2169,22346.0,21395
2170,30589.5,24895
2171,29812.541666666664,24095
2172,23659.48214285714,22195
2173,16233.766666666666,21395
2174,27604.625,33250
2175,20223.6875,33950
2176,33246.666666666664,31900
2177,42987.5,31450
2178,18968.666666666664,32250
2179,22787.083333333336,36050
2180,27602.486222111223,39150
2181,49287.375,33250
2182,38883.666666666664,36050
2183,28262.25,43550
2184,21737.45,33250
2185,26668.5,35750
2186,28943.452380952385,38700
2187,40375.0,35900
2188,26089.0,35200
2189,294460.0,53285
2190,31929.25,45615
2191,22006.0,46310
2192,22503.380555555555,53980
2193,2000.0,43150
2194,15335.0,45100
2195,32280.0,49485
2196,20852.5,61115
2197,26708.3,50780
2198,38653.0,62155
2199,41183.5,51280
2200,35452.0,62980
2201,23008.333333333336,46635
2202,2115.4166666666665,47315
2203,22305.714285714286,47615
2204,20133.333333333332,39290
2205,39910.15793650794,30995
2206,133133.625,39560
2207,45047.5,33390
2208,2855.9666666666662,43130
2209,18255.0,41705
2210,2000.0,33390
2211,26726.033333333336,38365
2212,2000.0,2288
2213,23661.203102453102,31750
2214,53540.0,29350
2215,2763.9700000000003,27050
2216,41280.0,34890
2217,64536.0,29900
2218,18472.4,29200
2219,45235.0,31890
2220,2282.842857142857,32900
2221,2000.0,27900
2222,17412.5,32990
2223,55925.0,29290
2224,64900.5,31980
2225,19981.85,34980
2226,28605.5,27990
2227,2000.0,29990
2228,26714.666666666664,2827
2229,18133.25,3000
2230,59484.6,3012
2231,44073.7,3222
2232,32614.190476190473,21600
2233,29986.666666666664,21000
2234,2000.0,22400
2235,28142.166666666664,20200
2236,15335.0,37325
2237,33081.8,37825
2238,35392.8,42610
2239,2292.7761904761905,42860
2240,47322.19047619048,43360
2241,27843.333333333336,35065
2242,2000.0,37525
2243,44252.666666666664,36100
2244,28107.875,38635
2245,69356.79523809523,36550
2246,33158.2,41440
2247,20039.299999999996,39085
2248,2000.0,43690
2249,39467.5,2000
2250,2205.35,2000
2251,29303.166666666668,2000
2252,21598.3,2081
2253,2000.0,2032
2254,32200.208333333336,2081
2255,43369.5,2000
2256,23850.0,49000
2257,17856.4,54900
2258,2000.0,80155
2259,2000.0,83825
2260,28588.833333333336,84325
2261,37626.875,2000
2262,2928.6913095238097,2060
2263,2000.0,2000
2264,32207.225,2028
2265,25281.75,2063
2266,24731.166666666668,2356
2267,25435.0,2144
2268,2000.0,2135
2269,39570.5,48525
2270,32665.5,54025
2271,19099.166666666664,45975
2272,414724.0,49700
2273,38593.33333333333,59900
2274,29154.166666666668,54600
2275,29357.5,69279
2276,430130.0,60600
2277,38662.6,50400
2278,41984.5,55300
2279,2000.0,50400
2280,37622.554924242424,55300
2281,32643.0,60600
2282,56721.5,4207
2283,24904.880952380954,4556
2284,52895.25,5035
2285,31654.5,39285
2286,28367.583333333336,3667
2287,61201.5,4282
2288,2000.0,65225
2289,45905.052525252526,67395
2290,36705.0,67395
2291,18561.5,83180
2292,41470.87380952381,88880
2293,28250.533333333336,89380
2294,29987.39285714286,2000
2295,63200.0,2000
2296,2712.5,2000
2297,27427.67738095238,2000
2298,3073.76,2000
2299,27727.87142857143,49200
2300,2467.1942857142863,60950
2301,193190.0,38680
2302,18847.714285714286,42235
2303,2000.0,41225
2304,29467.473015873016,41525
2305,2136.0,38425
2306,35049.428571428565,38125
2307,28226.70382395382,38915
2308,24978.333333333332,42015
2309,2000.0,41715
2310,57232.83333333333,38615
2311,53114.875,2000
2312,24591.958333333336,2000
2313,29149.5,2263
2314,16132.5,2209
2315,3399.05,2411
2316,38937.25,2459
2317,38241.333333333336,2000
2318,17685.68333333333,2000
2319,29702.333333333336,2000
2320,2748.891666666667,2000
2321,2000.0,2000
2322,24650.999999999996,2000
2323,85307.58333333333,32500
2324,32037.5,28950
2325,18371.0,45555
2326,26094.0,35190
2327,22075.0,37080
2328,2000.0,47445
2329,37551.73809523809,37080
2330,2000.0,45605
2331,47665.0,47495
2332,28049.5,35190
2333,25281.75,36900
2334,23959.52380952381,39510
2335,17258.55,49560
2336,25998.25,35010
2337,133749.23809523808,41400
2338,12838.0,47670
2339,25504.04761904762,36760
2340,28772.833333333336,38650
2341,30731.5,65055
2342,35217.0,67220
2343,72100.0,61480
2344,35514.566666666666,63645
2345,2000.0,63195
2346,17820.833333333332,76650
2347,22997.0,69135
2348,2161.4,65560
2349,49125.0,73645
2350,30433.35119047619,74260
2351,2218.0,66770
2352,31660.0,71260
2353,18513.75,65560
2354,19739.8,71260
2355,26713.078571428567,66770
2356,49435.25,63195
2357,21492.166666666664,69135
2358,50339.5,76645
2359,37620.26666666667,73650
2360,61050.0,74260
2361,40580.0,66700
2362,41722.58333333333,74350
2363,20634.333333333332,35550
2364,20785.0,33950
2365,34446.0,39650
2366,19853.142857142855,37650
2367,23015.5,35950
2368,37904.16666666667,33950
2369,32548.5,38400
2370,77530.0,40400
2371,23892.433333333334,35950
2372,17931.924999999996,38950
2373,37741.0,40950
2374,2227.1,43300
2375,35174.5,41300
2376,15003.616666666669,34150
2377,34867.49255050505,35550
2378,18976.7,35550
2379,2000.0,34150
2380,29271.833333333336,34750
2381,37165.75,36150
2382,32349.405952380952,58150
2383,26643.75,55050
2384,15221.333333333332,56050
2385,35816.26212121212,59150
2386,14611.0,61800
2387,40525.0,58700
2388,36863.66666666667,62700
2389,38660.0,65800
2390,2813.0,63250
2391,49687.24458874459,66350
2392,154443.8333333333,66350
2393,40024.0,63250
2394,25819.5,88850
2395,78732.66666666666,60000
2396,46116.0,63100
2397,2000.0,64450
2398,33158.2,61350
2399,36504.99999999999,83300
2400,2245.1133333333337,88300
2401,19415.0,84950
2402,36445.0,39995
2403,2035.0,40155
2404,36837.833333333336,42610
2405,22835.0,42770
2406,3418.6,2000
2407,2000.0,2000
2408,23744.333333333332,33800
2409,2401.25,28550
2410,42346.5,31350
2411,47690.50595238095,26200
2412,2000.0,27750
2413,29948.0,31150
2414,31342.483333333337,44200
2415,14969.5,33950
2416,5165.3,40800
2417,25986.5,36800
2418,27947.5,2000
2419,37636.5,2000
2420,28060.0,2112
2421,28768.9307837845,2172
2422,85070.0,2286
2423,35495.0,2384
2424,26782.958333333336,2430
2425,27976.0,2637
2426,60463.5,2305
2427,25243.5,2500
2428,28043.839285714283,2403
2429,19259.999999999996,39900
2430,200450.0,41700
2431,31876.5,40500
2432,17129.0,48375
2433,2486.8,43450
2434,21252.0,2269
2435,2000.0,46950
2436,35610.803571428565,50450
2437,17180.0,44399
2438,196240.7,45535
2439,39830.089484126984,45975
2440,51816.0,2000
2441,30311.2,43525
2442,44068.33333333333,43950
2443,17132.8,47000
2444,67915.0,2397
2445,4577.5,2488
2446,40024.0,2816
2447,36878.25,2934
2448,28346.225,46845
2449,23990.0,47280
2450,31226.24166666666,2000
2451,2906.1,2000
2452,26938.954761904763,35705
2453,41087.933333333334,39435
2454,47795.333333333336,35905
2455,25529.571428571428,36030
2456,2000.0,41575
2457,387420.0,35500
2458,2928.6913095238097,42600
2459,38155.666666666664,39375
2460,27474.570238095243,44800
2461,2000.0,31445
2462,37301.5,35320
2463,43645.83333333333,41575
2464,29321.75,35320
2465,43112.316666666666,42600
2466,41835.666666666664,35750
2467,50524.5,44800
2468,3690.000000000001,39375
2469,32099.0,31695
2470,28522.446428571428,42600
2471,2000.0,35950
2472,19629.5,44800
2473,2007.9,31900
2474,45235.0,41600
2475,28356.164285714283,39400
2476,47650.91666666667,35350
2477,24473.375,35010
2478,34104.916666666664,31360
2479,2000.0,35510
2480,239569.0,31860
2481,2000.0,35635
2482,17190.0,31985
2483,50900.0,30010
2484,40754.166666666664,33110
2485,24041.0,31010
2486,2027.0,31010
2487,34041.600250626565,30510
2488,25942.333333333336,31510
2489,16817.0,31510
2490,29200.0,33610
2491,29178.375,31635
2492,25350.175,30635
2493,29096.5,33735
2494,33919.083333333336,31635
2495,68376.5,43350
2496,26046.5,40350
2497,39097.83333333333,46400
2498,21680.0,47000
2499,56043.66666666667,24900
2500,29330.083333333332,24900
2501,21679.791666666664,25700
2502,36001.0,29845
2503,37619.333333333336,29800
2504,23584.666666666668,35500
2505,40008.52976190476,33050
2506,182809.5,28700
2507,43792.625,32850
2508,38204.95,29000
2509,70339.62857142856,37450
2510,35508.5,35750
2511,48375.0,37250
2512,73045.0,35950
2513,2007.9,43520
2514,32751.0,39600
2515,20638.0,36150
2516,38465.166666666664,41750
2517,24740.0,38100
2518,46367.91666666667,37650
2519,24623.75,32465
2520,34318.94047619047,32900
2521,30665.583333333332,33550
2522,61101.5,38000
2523,53240.75,2200
2524,22355.0,2000
2525,17226.5,2000
2526,21486.5,2000
2527,25942.083333333332,2000
2528,20505.85714285714,2000
2529,29665.0,2000
2530,22787.083333333336,80655
2531,35610.803571428565,84160
2532,2226.0,78335
2533,87454.1,80650
2534,32996.75,81855
2535,21403.966666666667,85650
2536,243475.0,86215
2537,185856.66666666666,3949
2538,44212.83333333333,28995
2539,155160.0,31905
2540,50137.166666666664,29155
2541,25368.520833333336,34905
2542,2248.6,35055
2543,19925.0,32055
2544,37284.0,29305
2545,52741.0,29605
2546,45478.33333333333,32905
2547,22369.0,35955
2548,30375.908333333333,39780
2549,69560.5,26650
2550,2000.0,26780
2551,20442.0,26800
2552,25113.546611721613,45270
2553,44382.0,37800
2554,2000.0,41700
2555,77530.0,36470
2556,37749.166666666664,36650
2557,2000.0,38100
2558,49561.805555555555,41950
2559,20700.0,42550
2560,2000.0,38700
2561,30723.4,37250
2562,28269.0,27170
2563,25065.0,24170
2564,25930.521645021647,24170
2565,2005.2666666666664,27170
2566,2332.58,24120
2567,211555.0,27120
2568,22276.25,29980
2569,47339.5,27995
2570,24041.503787878788,26790
2571,30584.22380952381,30140
2572,50237.5,27995
2573,46177.0,26790
2574,24857.05,26790
2575,33210.0,27995
2576,34237.5,30140
2577,2076.7333333333336,27435
2578,47622.125,25935
2579,21641.975,26235
2580,2052.85,24735
2581,44056.25,27380
2582,27535.880952380954,26575
2583,28709.166666666664,32330
2584,108282.0,31430
2585,42876.728571428575,26480
2586,29160.180555555555,25675
2587,17258.55,37020
2588,3491.6,31010
2589,32508.13333333333,25675
2590,25676.1,26480
2591,30966.0,26990
2592,14078.0,24995
2593,33870.0,29325
2594,57650.0,31180
2595,41011.8,31895
2596,38906.583333333336,25560
2597,50662.07619047619,27645
2598,2000.0,30245
2599,64899.5,31670
2600,16849.97142857143,31120
2601,33952.837265512266,23640
2602,46116.0,25555
2603,36636.25,25925
2604,58399.071428571435,27770
2605,33122.920829170835,27875
2606,18401.0,32150
2607,2000.0,25990
2608,74982.5,32195
2609,27535.880952380954,25995
2610,35616.5,25995
2611,7923.7,30990
2612,44539.0,25995
2613,90620.0,31995
2614,3458.2,26675
2615,18600.0,28060
2616,21651.666666666664,30935
2617,2755.05,29695
2618,37375.24999999999,26675
2619,31435.0,28060
2620,41939.416666666664,30935
2621,46000.25,29695
2622,2053.35,26675
2623,54857.14285714286,29695
2624,37806.3961038961,28060
2625,16077.9,30935
2626,33294.65833333334,45425
2627,24050.5,48575
2628,25884.5,39095
2629,46899.5,42245
2630,2000.0,46790
2631,39232.083333333336,40010
2632,41057.066666666666,43210
2633,49536.5,49990
2634,16879.0,51935
2635,5011.3,48335
2636,37367.61904761905,41555
2637,17404.6,45155
2638,34288.0,48205
2639,46302.20391414141,45055
2640,33870.16785714286,38725
2641,2078.8,41875
2642,37710.95238095238,42840
2643,104955.0,49620
2644,38547.15,39640
2645,21970.583333333336,46420
2646,41754.375,51490
2647,29472.0,47915
2648,80822.5,41135
2649,22294.916666666668,44710
2650,14589.25,26000
2651,28514.166666666664,29500
2652,46560.66666666667,26000
2653,2815.1,30100
2654,23288.175,30100
2655,46102.0,26000
2656,21496.625,30100
2657,29271.833333333336,30100
2658,23109.25,51145
2659,2000.0,53950
2660,23656.466666666667,54775
2661,35355.0,51970
2662,98410.5,36550
2663,2340.5,41250
2664,32332.5,30600
2665,47671.33333333333,37100
2666,32759.933333333338,27900
2667,39271.41666666667,32700
2668,23705.0,40250
2669,34388.16666666667,35550
2670,24606.166666666664,36100
2671,17750.0,33200
2672,35138.99999999999,37900
2673,51796.33333333333,29600
2674,94825.0,38900
2675,18399.166666666664,33840
2676,25432.333333333336,38630
2677,35365.142857142855,39630
2678,30641.875,37740
2679,34556.0,41980
2680,23717.833333333332,36280
2681,290218.0,36740
2682,13644.392857142859,40980
2683,31976.25,28510
2684,38763.75,30210
2685,102060.0,31210
2686,2000.0,33340
2687,41418.225,37280
2688,2385.3,41570
2689,1503409.8,36870
2690,27476.0,42570
2691,32879.35158730159,37870
2692,30980.0,39220
2693,16188.5,40220
2694,24971.5,48100
2695,2000.0,29990
2696,66516.125,41820
2697,2296.7,31290
2698,56922.95238095238,34870
2699,25038.285714285714,33570
2700,2000.0,46570
2701,34285.458333333336,37970
2702,33685.5,37070
2703,40142.8,49400
2704,74420.0,45270
2705,23950.283333333333,39270
2706,30407.5,38370
2707,2103.7,41820
2708,2052.1333333333337,48100
2709,28936.166666666664,39270
2710,15946.333333333334,34870
2711,17404.6,38370
2712,30809.0,45270
2713,2000.0,29990
2714,2000.0,46570
2715,2000.0,49400
2716,23705.0,37070
2717,42729.33333333333,31290
2718,45478.33333333333,37970
2719,42345.0,33570
2720,2092.9333333333334,37970
2721,24451.555555555555,38370
2722,16062.5,34870
2723,13795.0,29990
2724,30190.42857142857,45270
2725,44157.5,33570
2726,18501.55238095238,48100
2727,224395.0,39270
2728,26271.42857142857,46570
2729,29986.5,49400
2730,17030.0,37070
2731,26585.0,41820
2732,18113.458333333332,31290
2733,13672.3125,42405
2734,20214.0,39505
2735,53400.0,33505
2736,113506.25,37305
2737,35757.833333333336,48300
2738,28176.42857142857,41300
2739,49765.63333333333,43300
2740,28107.826802928525,36300
2741,2366.8,42905
2742,50932.166666666664,47905
2743,2748.891666666667,41905
2744,2055.8,36905
2745,2710.3303571428573,31995
2746,459291.25,34995
2747,63350.0,38995
2748,50932.166666666664,35995
2749,29261.041666666664,35890
2750,43288.333333333336,36890
2751,134315.0,32890
2752,26704.583333333336,39890
2753,2000.0,37390
2754,98460.0,40140
2755,2654.1,39995
2756,3368.966666666667,33595
2757,44108.566666666666,36595
2758,30639.6,39995
2759,63047.0,36895
2760,37100.0,33895
2761,60865.5,34790
2762,107462.5,39890
2763,55796.5,44995
2764,2431.95,39995
2765,37294.66666666667,53000
2766,25641.15,57000
2767,2467.1942857142863,62000
2768,27297.5,58000
2769,83884.625,68160
2770,36340.433333333334,64160
2771,35199.0,63160
2772,44331.58333333333,64000
2773,44557.0,55000
2774,23315.958333333332,73450
2775,152477.6,64450
2776,37650.166666666664,69450
2777,34805.5,60000
2778,40526.5,59000
2779,19381.5,68450
2780,22527.9,59160
2781,36484.0,70145
2782,2000.0,65145
2783,28107.826802928525,68855
2784,28183.833333333332,59855
2785,87724.5,64400
2786,50133.0,74145
2787,26475.92857142857,63855
2788,180399.5,59400
2789,37277.0,60400
2790,23324.5,64855
2791,36979.5,69145
2792,36614.670238095234,55400
2793,18573.766666666666,59905
2794,23141.0,74195
2795,41759.375,65195
2796,56445.0,59450
2797,28043.839285714283,55450
2798,54265.0,70195
2799,28574.3,68905
2800,18138.25,65450
2801,2000.0,69905
2802,34786.583333333336,69195
2803,18417.5,63905
2804,25286.375,69450
2805,56847.0,60450
2806,29160.180555555555,79195
2807,41508.16666666667,73905
2808,31033.8,64450
2809,2000.0,64905
2810,27419.5,75195
2811,42563.62222222223,29310
2812,41504.0,31755
2813,216966.0,29350
2814,15773.0,32150
2815,28614.0,32150
2816,25793.5,34600
2817,2000.0,33400
2818,51031.75,27950
2819,17794.5,26750
2820,50359.125,34600
2821,2000.0,33400
2822,19520.440476190477,29500
2823,54301.642857142855,26950
2824,30900.5,34950
2825,37915.0,28150
2826,2000.0,29900
2827,31234.75,33750
2828,24255.9,111510
2829,20735.458333333332,115710
2830,24583.928571428572,101770
2831,31540.0,111510
2832,40150.0,101770
2833,28837.65714285714,109990
2834,22712.5,31795
2835,2000.0,32295
2836,47650.91666666667,31290
2837,31454.0,36990
2838,30842.5,34490
2839,3528.7,32510
2840,40375.0,39960
2841,35495.0,37770
2842,33256.75,34590
2843,446655.0,37090
2844,26782.958333333336,40040
2845,169704.30952380953,32610
2846,33536.75,37870
2847,24406.0,41800
2848,22346.0,34800
2849,239182.5,25300
2850,31353.5,46170
2851,68638.125,32300
2852,19064.333333333336,29300
2853,20852.5,36300
2854,44157.5,44625
2855,15826.166666666668,44625
2856,5258.5,44625
2857,38267.5,43475
2858,27535.880952380954,45745
2859,2376.3,46575
2860,17930.4,39240
2861,61688.3,3941
2862,22977.0,4671
2863,19278.5,5306
2864,2782.365476190476,2683
2865,42660.0,25395
2866,2000.0,25545
2867,16270.0,24345
2868,48136.5,26595
2869,41109.356060606064,25495
2870,21778.5,26495
2871,106359.0,25445
2872,95070.0,24945
2873,37466.5,23895
2874,22701.25,23445
2875,26266.10833333333,22395
2876,58270.642857142855,31625
2877,33279.12499999999,30525
2878,2813.0,30525
2879,19710.9,31625
2880,165120.0,28115
2881,14965.45,32475
2882,36267.5,28675
2883,24635.0,25450
2884,15336.766666666666,25450
2885,21272.333333333336,26550
2886,49641.0,29215
2887,27986.5,31375
2888,51926.0,29215
2889,23871.0,32475
2890,2000.0,28115
2891,66725.0,28675
2892,34776.0,31375
2893,2000.0,26550
2894,132223.0,29775
2895,52942.5,29775
2896,24731.166666666668,25995
2897,25045.89285714286,27095
2898,21347.5,27095
2899,27195.0,31450
2900,53336.66666666667,31450
2901,27818.333333333336,32550
2902,2000.0,32550
2903,2000.0,25995
2904,25038.285714285714,32550
2905,2000.0,22005
2906,31540.0,22705
2907,46177.0,22935
2908,70166.75,24810
2909,17915.442857142858,22235
2910,35633.65,24110
2911,19437.0,22335
2912,23496.5,23035
2913,28509.502380952377,21300
2914,24761.071428571428,25300
2915,30832.466666666667,22800
2916,28501.5,22100
2917,16197.666666666666,2000
2918,17259.5,2000
2919,36469.5,2000
2920,20116.333333333336,2000
2921,39917.85,29510
2922,36120.17083333334,34560
2923,18040.0,34735
2924,42834.0,2000
2925,2000.0,29089
2926,40808.5,28089
2927,23064.166666666664,29089
2928,67694.5,29089
2929,30697.0,19800
2930,51255.08333333333,18800
2931,73557.5,18800
2932,2000.0,19800
2933,29872.0,18800
2934,24949.833333333332,19800
2935,21486.25,4677
2936,24820.0,6175
2937,235210.0,24035
2938,22025.000000000004,18855
2939,31539.0,25995
2940,27636.75,20050
2941,40024.0,20890
2942,14965.45,21890
2943,41011.8,21990
2944,76038.0,20390
2945,27373.166666666664,20990
2946,33306.625,25890
2947,44382.41666666667,23690
2948,39418.5,29280
2949,24944.208333333336,32640
2950,2371.4,24785
2951,24201.97619047619,28885
2952,19133.73333333333,26280
2953,32174.4,25885
2954,24514.583333333336,30380
2955,34334.0,29880
2956,231300.0,27380
2957,28642.5,30980
2958,49064.5,27980
2959,21080.0,29485
2960,37915.0,31540
2961,29474.583333333332,25385
2962,29872.0,30045
2963,96440.0,26880
2964,28627.5,31145
2965,98427.66666666666,27785
2966,3999.5,26485
2967,27160.151388888888,28385
2968,35265.166666666664,30620
2969,18497.9,26095
2970,50137.166666666664,25595
2971,309729.0,29125
2972,2772.4857142857145,31220
2973,92250.5,27090
2974,33017.666666666664,27590
2975,17252.6,31630
2976,37998.0,24995
2977,153220.0,30135
2978,43165.5,31235
